rangi	r ã ɡ i
mwena	m w e n a
kenya	k ẽ j a
mwaka	m w a k a
ini	ĩ n i
iria	i r i a
rwa	r w a
iní	ĩ n i
thutha	s u s a
ona	o n a
nginya	m ĩ j a
nene	n e n e
hena	h e n a
mbere	b e r e
nairobi	n a i r o b i
imwe	ĩ w e
inì	i n i
bururi	b u r u r i
kia	k i a
mweri	m w e r i
kuuma	k u m a
inî	ĩ n i
degrees	d e ɡ r e s
kuma	k u m a
andú	ẽ d u
thaa	s a
magana	m a ɡ a n a
ikumi	i k u m i
mbura	b u r a
andu	ã d u
inya	ĩ j a
kĩa	k e a
matu	m a t u
maita	m a i t a
wake	w a k e
kenda	k ẽ d a
múthenya	m u s ẽ j a
kìa	k i a
inyanya	ĩ j ã j a
būrūri	b u r u r i
igana	i ɡ a n a
ithano	i s a n o
wega	w e ɡ a
ngiri	m i r i
muno	m u n o
kiumia	k i u m i a
ithimi	i s i m i
nginyagia	m ĩ j a ɡ i a
kuria	k u r i a
mìrongo	m i r o ɡ o
irio	i r i o
barabara	b a r a b a r a
búrúri	b u r u r i
ici	i t i
múno	m u n o
mūno	m u n o
rìa	r i a
ūrìa	u r i a
hari	h a r i
hinya	h ĩ j a
green	ɡ r e ẽ
heho	h e h o
uria	u r i a
ìno	ĩ n o
amu	a m u
ngui	m w i
makiria	m a k i r i a
ìmwe	ĩ w e
africa	a f r i t a
hau	h a w
igiri	i ɡ i r i
kía	k i a
wayo	w a j o
bûrûri	b u r u r i
gia	ɡ i a
blue	b l u e
ena	e n a
indo	ĩ d o
nacio	n a t i o
ũrĩa	o r e a
aria	a r i a
kenyatta	k e m a t a
ari	a r i
mĩrongo	m e r o ɡ o
ìrì	i r i
kîa	k i a
mathaa	m a s a
road	r o a t
mîrongo	m i r õ ɡ o
thì	s i
ihenya	i h ẽ j a
ino	i n o
mirongo	m i r õ ɡ o
oho	o h o
wao	w a o
múndú	m ũ d u
ciana	t i a n a
mita	m i t a
mūndū	m ũ d u
ría	r i a
tondū	t o d u
ihinda	i h ĩ d a
maya	m a j a
thirikari	s i r i k a r i
haria	h a r i a
kilomita	k i l o m i t a
mírogo	m i r o ɡ o
ngoikoni	m o i k o n i
uhuru	u h u r u
ĩno	e n o
hamwe	h a m w e
mathako	m a s a k o
tene	t e n e
ùria	u r i a
búruri	b u r u r i
iri	i r i
mwana	m w a n a
niguo	n i ɡ u o
ríría	r i r i a
mûno	m u n o
wothe	w o s e
ati	a t i
igūrū	i ɡ u r u
uyu	u j u
bara	b a r a
keda	k e d a
nja	d a
nyoka	m o k a
yothe	j o s e
ciothe	t i o s e
mbica	b i t a
mirogo	m i r o ɡ o
andū	ẽ d u
riria	r i r i a
írí	i r i
ūyū	u j u
andũ	ã d o
ithatú	i s a t u
giri	ɡ i r i
mena	m e n a
naguo	n a ɡ u o
igìrì	i ɡ i r i
nayo	n a j o
ngumo	m u m o
haha	h a h a
igũrũ	i ɡ o r o
kuri	k u r i
riua	r i w a
yellow	j e l o w
ĩrĩa	e r e a
bũrũri	b o r o r i
gìa	ɡ i a
mundu	m ũ d u
muthenya	m u s ẽ j a
ngari	ɡ a r i
riera	r i e r a
thìiniì	s i ĩ i
andû	ã d u
ikûmi	i k u m i
ikūmi	i k u m i
nyeki	m e k i
oro	o r o
president	p r e s i d ẽ t
yake	j a k e
ìna	ĩ n a
day	d a j
gía	ɡ i a
kuona	k u o n a
maria	m a r i a
mbwe	b w e
níguo	n i ɡ u o
riūa	r i w a
shape	ʃ a p e
ìrìa	i r i a
igakorwo	i ɡ a k o r w o
kwína	k w ĩ n a
miaka	m i j a k a
njìra	d i r a
thĩiniĩ	s e i n i e
ìyo	i j o
ūndū	ũ d u
bata	b a t a
gìkì	ɡ i k i
harĩ	h a r e
ikoragwo	i k o r a ɡ w o
kanini	k a n ĩ n i
kiromita	k i r o m i t a
mwega	m w e ɡ a
national	n a t i o n a l
waku	w a k u
guku	ɡ u k u
harì	h a r i
hìndì	h ĩ d i
moi	m o i
nuthu	n u s u
twa	t w a
úrugari	u r u ɡ a r i
gatagati	ɡ a t a ɡ a t i
harî	h a r i
ikũmi	i k o m i
ithatu	i s a t u
mari	m a r i
mùno	m u n o
mûthenya	m u s ẽ j a
ímwe	ĩ w e
mírongo	m i r õ ɡ o
îmwe	ĩ w e
harí	h a r i
mūthenya	m u s ẽ j a
niwe	n i w e
riúa	r i u a
rìrì	r i r i
rîa	r i a
tariki	t a r i k i
igîrî	i ɡ i r i
mbeca	b e t a
ngoga	ɡ o ɡ a
niundu	n i ũ d u
íria	i r i a
aría	a r i a
kûrî	k u r i
pele	p e l e
rungu	r ũ ɡ u
ruto	r u t o
thika	s i k a
watho	w a s o
úría	u r i a
ūcio	u t i o
aingi	a ĩ ɡ i
celsius	t e l s i u s
ikúmi	i k u m i
ithatū	i s a t u
nakuru	n a k u r u
nyingi	m ĩ ɡ i
nìguo	n i ɡ u o
triangle	t r i ẽ ɡ l e
kona	k o n a
nigwo	n i ɡ w o
îna	ĩ n a
úcio	u t i o
ĩmwe	ĩ w e
akenya	a k ẽ j a
atì	a t i
mombasa	m o m b a s a
mūbira	m u b i r a
úmwe	ũ w e
ûrîa	u r i a
ũmotho	o m o s o
gatagatì	ɡ a t a ɡ a t i
múndu	m ũ d u
mûndû	m ũ d u
mũndũ	m o d o
namba	n ã b a
tanzania	t ã s a n i a
wìra	w i r a
ūguo	u ɡ u o
andù	ã d u
inene	i n e n e
kũrĩa	k o r e a
mūciì	m u t i
nambere	n ã b e r e
white	w i t e
wira	w i r a
ĩrĩ	e r e
gîcunjî	ɡ i t ũ d i
gûkû	ɡ u k u
kipchoge	k i p t o ɡ e
thahabu	s a h a b u
umwe	ũ w e
wakinya	w a k ĩ j a
avenue	a f e n u e
gúkú	ɡ u k u
igúrú	i ɡ u r u
kamau	k a m a w
kúrí	k u r i
mahinda	m a h ĩ d a
marĩa	m a r e a
south	s o u s
william	w i l i ẽ
ūmwe	ũ w e
hiti	h i t i
igoti	i ɡ o t i
lake	l a k e
maingi	m a ĩ ɡ i
mũirũ	m o i r o
nguo	m u o
riri	r i r i
riũa	r i o a
íyo	i j o
îno	ĩ n o
úndú	ũ d u
atumia	a t u m i a
highway	h i ɡ w a j
iyo	i j o
jumatano	d u m a t a n o
kiria	k i r i a
nini	n ĩ n i
nyamú	m a m u
nyina	m ĩ n a
park	p a r k
queen	k e ẽ
rimwe	r ĩ w e
rúhuho	r u h u h o
wakwa	w a k a
íría	i r i a
îrîa	i r i a
agendi	a ɡ ẽ d i
atĩ	a t e
guoko	ɡ u o k o
gwa	ɡ w a
hanini	h a n ĩ n i
igĩrĩ	i ɡ e r e
kiambu	k i ẽ b u
kíhoto	k i h o t o
kūrì	k u r i
macio	m a t i o
mahenya	m a h ẽ j a
mùthenya	m u s ẽ j a
mūgwanja	m u ɡ w ẽ d a
mūirū	m u i r u
nyamu	m a m u
othe	o s e
round	r o ũ d
taríki	t a r i k i
about	a b o u t
biacara	b i a t a r a
ciao	t i j a o
cukuru	t u k u r u
elizabeth	e l i s a b e s
ihoto	i h o t o
jomo	d o m o
kuongerera	k u o ɡ e r e r a
matano	m a t a n o
munene	m u n e n e
mwerū	m w e r u
míthako	m i s a k o
ng'ombe	ɡ o b e
nyama	m a m a
riûa	r i w a
thĩĩ	s e b
ĩna	e n a
ūrugarì	u r u ɡ a r i
aciarirwo	a t i a r i r w o
juma	d u m a
kau	k a w
kúria	k u r i a
maaì	m a i
macungwa	m a t ũ ɡ w a
matunda	m a t ũ d a
muoyo	m u o j o
múnene	m u n e n e
mũthenya	m o s ẽ j a
ndingirii	d ĩ ɡ i r i
niyo	n i j o
njira	d i r a
nyingì	m ĩ ɡ i
rìrìa	r i r i a
timu	t i m u
uganda	u ɡ ã d a
îîrî	i r i
ûrugarî	u r u ɡ a r i
ũrĩo	o r e o
ūmūthì	u m u s i
icio	i t i o
kuo	k u o
kuumana	k u m a n a
mìaka	m i a k a
mūingì	m u ĩ ɡ i
mūnene	m u n e n e
roundabout	r o ũ d a b o u t
taûni	t a u n i
wathani	w a s a n i
wĩra	w e r a
atírí	a t i r i
brown	b r o w n
ethiopia	e t i o p i a
giki	ɡ i k i
gìthiūrūrì	ɡ i s i u r u r i
iburi	i b u r i
igírí	i ɡ i r i
ina	ĩ n a
ingi	ĩ ɡ i
ithatũ	i s a t o
kùri	k u r i
kūrìa	k u r i a
rìera	r i e r a
rìmwe	r ĩ w e
town	t o w n
world	w o r l d
ína	ĩ n a
ùyù	u j u
úria	u r i a
ciake	t i j a k e
gîa	ɡ i a
igongona	i ɡ õ ɡ o n a
iguru	i ɡ u r u
jumamothi	d u m a m o s i
keeri	k e r i
kisumu	k i s u m u
makíria	m a k i r i a
mbele	b e l e
mbitika	b i t i k a
mburuu	b u r u
naivasha	n a i f a ʃ a
ndume	d u m e
nìwe	n i w e
odinga	o d ĩ ɡ a
olympics	o j m p i t s
pink	p ĩ k
ríria	r i r i a
rĩrĩa	r e r e a
stage	s t a ɡ e
tuba	t u b a
uguo	u ɡ u o
wìyathi	w i j a s i
yao	j a o
ùmwe	ũ w e
ũyũ	o j o
arîa	a r i a
county	t o ũ k
gĩcunjĩ	ɡ e t ũ d e
ikundi	i k ũ d i
inĩ	ĩ n e
itatú	i t a t u
kauntî	k a ũ t i
kiama	k i a m a
marangi	m a r ã ɡ i
matú	m a t u
maundu	m a ũ d u
meeri	m e r i
mwerù	m w e r u
mwerú	m w e r u
ndegwa	d e ɡ w a
ngoro	ɡ o r o
sudan	s u d ɔ̃
the	s e
thî	s i
wari	w a r i
aingí	a ĩ ɡ i
aramithi	a r a m i s i
arì	a r i
arí	a r i
arî	a r i
christmas	t r i s t m a s
exit	e k s i t
gûgûkorûo	ɡ u ɡ u k o r u o
gūkū	ɡ u k u
híndí	h ĩ d i
hîndî	h ĩ d i
igûrû	i ɡ u r u
itunda	i t ũ d a
keerì	k e r i
kena	k e n a
kumana	k u m a n a
kwìna	k w ĩ n a
mabuku	m a b u k u
magūrū	m a ɡ u r u
make	m a k e
mathiko	m a s i k o
mwai	m w a i
mwanya	m w ã j a
mwerû	m w e r u
ngirini	m i r ĩ n i
njîra	d i r a
raila	r a i l a
thìinìe	s i n i e
thíinií	s i ĩ i
ìtatū	i t a t u
íno	ĩ n o
ùri	u r i
ùrio	u r i o
ũndũire	o d o i r e
cio	t i o
githomo	ɡ i s o m o
han	h ɔ̃
harĩa	h a r e a
ine	ĩ n e
international	ĩ t e r n a t i o n a l
ithaa	i s a
ithathatú	i s a s a t u
kanitha	k a n i s a
koori	k o r i
kìrìma	k i r i m a
maguta	m a ɡ u t a
makoragwo	m a k o r a ɡ w o
mara	m a r a
mûgwanja	m u ɡ w ẽ d a
nake	n a k e
ngima	m i m a
njega	d e ɡ a
njogu	d o ɡ u
nyamū	m a m u
nyúmba	m ũ b a
úrugarí	u r u ɡ a r i
ũndũ	ũ d o
ũrugarĩ	o r u ɡ a r e
arìa	a r i a
bururini	b u r u r ĩ n i
gatagatĩ	ɡ a t a ɡ a t e
hĩndĩ	h ɛ̃ d e
jira	d i r a
maitho	m a i s o
makîria	m a k i r i a
meerì	m e r i
muthemba	m u s ɛ̃ b a
mwiri	m w i r i
mûtongoria	m u t õ ɡ o r i a
mũnene	m o n e n e
nile	n i l e
njĩra	d e r a
nyoni	m o n i
ríera	r i e r a
rîrîa	r i r i a
thamaki	s a m a k i
thukuru	s u k u r u
victoria	f i t o r i a
wabici	w a b i t i
wiki	w i k i
wíra	w i r a
anja	ɔ̃ d a
arĩ	a r e
atongoria	a t õ ɡ o r i a
bùrùri	b u r u r i
eldoret	e l d o r e t
gaka	ɡ a k a
irí	i r i
kihoto	k i h o t o
kuura	k u r a
marìa	m a r i a
maũndũ	m a õ d o
mbunge	b ũ ɡ e
meciria	m e t i r i a
minister	m i n i s t e r
mirioni	m i r i o n i
mwene	m w e n e
múrúthi	m u r u s i
mūrūthi	m u r u s i
namo	n a m o
nobel	n o b e l
níwe	n i w e
paris	p a r i s
rímwe	r ĩ w e
rúi	r u i
tana	t a n a
taúni	t a u n i
thii	s i
thíinie	s i ĩ i e
thíí	s i
united	u n i t e d
waguo	w a ɡ u o
ûmûthî	u m u s i
ūngì	ũ ɡ i
athaki	a s a k i
biashara	b i a ʃ a r a
ciringi	t i r ĩ ɡ i
city	t i k
daniel	d a n i e l
gatatu	ɡ a t a t u
gũkũ	ɡ o k o
itano	i t a n o
ithatû	i s a t u
kagondu	k a ɡ õ d u
kibaki	k i b a k i
korea	k o r e a
kwaga	k a ɡ a
kìrìa	k i r i a
magúrú	m a ɡ u r u
maūndū	m a ũ d u
mwĩlĩ	m w i l e
mîena	m i e n a
mùndù	m ũ d u
mùrùthi	m u r u s i
múingí	m u ĩ ɡ i
niî	n i
njamu	d a m u
nyanya	m ã j a
ota	o t a
riu	r i u
thoko	s o k o
thungura	s ũ ɡ u r a
thí	s i
tondu	t o d u
ucio	u t i o
university	u n i f e r s i k
warì	w a r i
íni	ĩ n i
aingì	a ĩ ɡ i
angi	ã ɡ i
barabaraini	b a r a b a r a i n i
bengi	b ẽ ɡ i
harìa	h a r i a
igúkorwo	i ɡ u k o r w o
jumaa	d u m a
kamwe	k ã w e
kanua	k a n u a
kilometer	k i l o m e t e r
kindiki	k ĩ d i k i
kinene	k i n e n e
kuga	k u ɡ a
kwí	k i
kúhúra	k u h u r a
marí	m a r i
mayo	m a j o
mweru	m w e r u
mìena	m i e n a
naikuru	n a i k u r u
nairofi	n a i r o f i
ngurani	ɡ u r a n i
nîguo	n i ɡ u o
nîyo	n i j o
orange	o r ã ɡ e
rírí	r i r i
taoni	t a o n i
tarìki	t a r i k i
wagi	w a ɡ i
wendia	w ẽ d j a
wiyathi	w i j a s i
yayo	j a j o
ìngì	ĩ ɡ i
ìria	i r i a
ìtandatū	i t ã d a t u
ùmotho	u m o s o
ùmuthi	u m u s i
ũmwe	o m w e
and	ã d
bere	b e r e
brazil	b r a s i l
celcius	t e l t i u s
corner	t o r n e r
eliud	e l j u d
family	f a m i l
gatagatí	ɡ a t a ɡ a t i
gicunji	ɡ i t ũ d i
grey	ɡ r e j
gìcunjì	ɡ i t ũ d i
gùkù	ɡ u k u
handu	h ã d u
igirí	i ɡ i r i
ithathatū	i s a s a t u
kang	k ã ɡ
kimani	k i m a n i
kíríma	k i r i m a
kùuma	k u m a
maaí	m a i
makìria	m a k i r i a
mana	m a n a
mbarathi	b a r a s i
mbìa	m b i a
mugwanja	m u ɡ w ẽ d a
mwírí	m w i r i
múgwanja	m u ɡ w ẽ d a
mĩaka	m e a k a
mũgwanja	m o ɡ w ẽ d a
ngi	m i
njiira	d i r a
njíra	d i r a
njûûi	d u i
nyimbo	m ĩ b o
river	r i f e r
rìu	r i u
rîmwe	r ĩ w e
rúciiní	r u t i n i
rûhuho	r u h u h o
rĩrĩ	r e r e
rūhuho	r u h u h o
straight	s t r a i t
thi	s i
thîiniî	s i ĩ i
undu	ũ d u
ìtano	i t a n o
íkoragwo	i k o r a ɡ w o
úthie	u s i e
ûyû	u j u
ĩyo	e j o
ūingìre	u ĩ ɡ i r e
ūmotho	u m o s o
ūrìo	u r i o
biú	b i u
faith	f a i s
gakiuga	ɡ a k i u ɡ a
gatatū	ɡ a t a t u
gìthaka	ɡ i s a k a
gìthomo	ɡ i s o m o
gîkî	ɡ i k i
gūkorwo	ɡ u k o r w o
igúka	i ɡ u k a
john	d o ɔ̃
kìhooto	k i h o t o
kûîna	k u ĩ n a
kĩrĩa	k e r e a
maikaraga	m a i k a r a ɡ a
manini	m a n ĩ n i
maría	m a r i a
mathina	m a s i n a
mothe	m o s e
múbira	m u b i r a
múgwaja	m u ɡ w a d a
múirú	m u i r u
múnini	m u n ĩ n i
mútongoria	m u t õ ɡ o r i a
mûnene	m u n e n e
mûrûthi	m u r u s i
nao	n a o
ng'ondu	ɡ õ d u
noguo	n o ɡ u o
purple	p u r p l e
rectangle	r e t ɔ̃ ɡ l e
rūūì	r u i
tarîki	t a r i k i
thibindi	s i b ĩ d i
urugari	u r u ɡ a r i
woothe	w o s e
îyo	i j o
úndu	ũ d u
ûmwe	ũ w e
ĩtatũ	i t a t o
ūthiì	u s i
akiuga	a k i u ɡ a
arap	a r a p
black	b l a t k
easter	e a s t e r
gatambi	ɡ a t ã b i
gukorwo	ɡ u k o r w o
guoya	ɡ w o j a
gwetha	ɡ w e s a
gîthiûrûrî	ɡ i t i u r u r i
gúthií	ɡ u s i
gĩkĩro	ɡ e k e r o
gūthiì	ɡ u s i
hakuhi	h a k u h i
hindi	h ĩ d i
honge	h o ɡ e
ihooto	i h o t o
jumatatu	d u m a t a t u
kahūa	k a h u a
kimwe	k ĩ w e
kîrîma	k i r i m a
kùùma	k u m a
mahiga	m a h i ɡ a
mangi	m ã ɡ i
maúndú	m a ũ d u
meru	m e r u
merî	m e r i
muingi	m w ĩ ɡ i
muruthi	m u r u s i
mwakaini	m w a k a ĩ n i
mwerũ	m w e r o
mìtì	m i t i
múcií	m u t i
múthige	m u s i ɡ e
mûirû	m u i r u
mũrũthi	m o r o s i
ndaraca	d a r a t a
ningî	n ĩ ɡ i
nyeri	m e r i
nyingí	m ĩ ɡ i
nìkìo	n i k i o
nĩyo	n e j o
prize	p r i s e
raini	r a ĩ n i
reke	r e k e
riake	r i a k e
ruhuho	r u h u h o
rwanda	r w ẽ d a
rúúí	r u i
square	s k w a r e
uteti	u t e t i
wagatano	w a ɡ a t a n o
wiira	w i r a
wìna	w ĩ n a
úkinye	u k ĩ e
úkoragwo	u k o r a ɡ w o
ĩkoragwo	e k o r a ɡ w o
afrika	a f r i k a
amwe	a m w e
aruti	a r u t i
arĩa	a r e a
atia	a t i a
gachagua	ɡ a t a ɡ w a
gatano	ɡ a t a n o
gĩkĩ	ɡ e k e
ikombe	i k o m b e
ingì	ĩ ɡ i
itîîna	i t i n a
kiharo	k i h a r o
kìnene	k i n e n e
kúría	k u r i a
kûrîa	k u r i a
kĩndũ	k ẽ d o
mabururi	m a b u r u r i
mamwe	m a m w e
mangí	m ɔ̃ ɡ i
mao	m a o
matatú	m a t a t u
mbembe	b ɛ̃ b e
mboco	b o t o
meri	m e r i
merĩ	m e r e
million	m i l j õ
muthaki	m u s a k i
muthige	m u s i ɡ e
mwìrì	m w i r i
mũbira	m o b i r a
mūthige	m u s i ɡ e
nií	n i
njata	d a t a
nyūmba	m ũ b a
nìyo	n i j o
nĩwe	n e w e
oya	o j a
rúrú	r u r u
rūrìa	r u r i a
santos	s ɔ̃ t o s
sayansi	s a j ẽ s i
somalia	s o m a l i a
thengia	s e ɡ i a
uri	u r i
wakana	w a k a n a
wĩyathi	w e j a s i
úmotho	u m o s o
ûcio	u t i o
ûmotho	u m o s o
ũcio	o t i o
aciari	a t i a r i
arata	a r a t a
atí	a t i
aumite	a u m i t e
friday	f r i d a j
gatagatî	ɡ a t a ɡ a t i
giake	ɡ i a k e
gwake	ɡ w a k e
gìtììri	ɡ i t i r i
gíthomo	ɡ i s o m o
gùkorwo	ɡ u k o r w o
gúkorwo	ɡ u k o r w o
gútirí	ɡ u t i r i
gĩthomo	ɡ e s o m o
handũ	h ã d o
handū	h ã d u
huho	h u h o
inana	ĩ n a n a
ingí	ĩ ɡ i
jumaine	d u m a i n e
kaba	k a b a
kihooto	k i h o t o
kipyegon	k i p j e ɡ õ
kori	k o r i
kuhura	k u h u r a
kìama	k i a m a
maai	m a i
machakos	m a t a k o s
makiri	m a k i r i
marîa	m a r i a
mbata	b a t a
mbogo	b o ɡ o
millioni	m i l j o n i
minista	m i n i s t a
mutongoria	m u t õ ɡ o r i a
mîaka	m i a k a
mùcoro	m u t o r o
múthaki	m u s a k i
mûbira	m u b i r a
mûciì	m u t i
mûingî	m u ĩ ɡ i
mūhuro	m u h u r o
mūtune	m u t u n e
mūtì	m u t i
nako	n a k o
nanyuki	n ã j u k i
ndini	d ĩ n i
nduka	d u k a
neti	n e t i
njaa	d a
nyingî	m ĩ ɡ i
nîwe	n i w e
nîûndû	n i ũ d u
nĩũndũ	n e o d o
one	o n e
rigathi	r i ɡ a s i
rugongo	r u ɡ o ɡ o
rûa	r u a
rĩera	r e r a
stadium	s t a d i ũ
utonga	u t o ɡ a
way	w a j
wina	w ĩ n a
wiyune	w i j u n e
wíyathi	w i j a s i
yaku	j a k u
yoothe	j o s e
írio	i r i o
îtatû	i t a t u
útonga	u t o ɡ a
ûndû	ũ d u
ūteti	u t e t i
ūtonga	u t o ɡ a
angí	ã ɡ i
apple	a p l e
baba	b a b a
borithi	b o r i s i
dini	d i n i
gatiba	ɡ a t i b a
geography	ɡ e o ɡ r a f j
gikiro	ɡ i k i r o
gìtì	ɡ i t i
igùrù	i ɡ u r u
iría	i r i a
itatu	i t a t u
itemi	i t e m i
kahúa	k a h u a
kanana	k a n a n a
kirima	k i r i m a
kithure	k i s u r e
kuringana	k u r ĩ ɡ a n a
kúri	k u r i
mabũrũri	m a b o r o r i
madaraka	m a d a r a k a
maingì	m a ĩ ɡ i
matatu	m a t a t u
maùndù	m a ũ d u
mbaù	b a u
metre	m e t r e
moothe	m o s e
mubira	m u b i r a
mugwaja	m u ɡ w a d a
muiru	m u i r u
mutune	m u t u n e
mútune	m u t u n e
mūthia	m u s i a
nawe	n a w e
ndigirii	d i ɡ i r i
negative	n e ɡ a t i f e
new	n e w
ngothi	m o s i
nio	n i o
nuclear	n u t l e a r
nyahururu	m a h u r u r u
nyamũ	m a m o
nyumba	m ũ b a
nìkuo	n i k u o
nìo	n i o
nìrìo	n i r i o
nìūndū	n i ũ d u
nĩguo	n e ɡ u o
onayo	o n a j o
peace	p e a t e
ruciini	r u t i ĩ i
ruhonge	r u h o ɡ e
ruo	r u o
ruriri	r u r i r i
rùrù	r u r u
selassie	s e l a s i e
taūni	t a u n i
thinacara	s i n a t a r a
thìinì	s i ĩ n i
toro	t o r o
wacio	w a t i o
yari	j a r i
ìri	i r i
ùgwo	u ɡ w o
úgwati	u ɡ w a t i
úrími	u r i m i
úyú	u j u
ûhotekeku	u h o t e k e k u
ĩngĩ	ẽ ɡ e
ĩtano	e t a n o
ũgima	o ɡ i m a
ũtukũ	o t u k o
ūrìmi	u r i m i
aikari	a i k a r i
aingî	a ĩ ɡ i
akuire	a k u i r e
america	a m e r i t a
ateng'eri	a t ẽ ɡ e r i
athomeire	a t o m e i r e
atî	a t i
aya	a j a
biū	b i u
century	t ẽ t u r i
east	e a s t
eid	e i d
fitr	f i t r
football	f o t b a l
gikundi	ɡ i k ũ d i
guthii	ɡ u s i
gíki	ɡ i k i
gûkorûo	ɡ u k o r u o
gûthiî	ɡ u s i
gĩcigo	ɡ e t i ɡ o
gĩthiũrũrĩ	ɡ e s i o r o r e
gũthiĩ	ɡ o s i e
gũtuĩka	ɡ o t u e k a
hakuhì	h a k u h i
house	h o u s e
igùru	i ɡ u r u
ingĩra	ĩ ɡ e r a
ithatatú	i s a t a t u
itua	i t u a
juja	d u d a
kandi	k ẽ d i
